{
  "IcoMoonType": "selection",
  "icons": [
    {
      "icon": {
        "paths": [
          "M804.571 420.571v109.714c0 30.286-24.571 54.857-54.857 54.857h-237.714v237.714c0 30.286-24.571 54.857-54.857 54.857h-109.714c-30.286 0-54.857-24.571-54.857-54.857v-237.714h-237.714c-30.286 0-54.857-24.571-54.857-54.857v-109.714c0-30.286 24.571-54.857 54.857-54.857h237.714v-237.714c0-30.286 24.571-54.857 54.857-54.857h109.714c30.286 0 54.857 24.571 54.857 54.857v237.714h237.714c30.286 0 54.857 24.571 54.857 54.857z"
        ],
        "width": 804.5714285714286,
        "attrs": [],
        "isMulticolor": false,
        "isMulticolor2": false,
        "tags": [
          "plus"
        ],
        "defaultCode": 61543,
        "grid": 14
      },
      "attrs": [],
      "properties": {
        "name": "plus",
        "id": 1,
        "order": 21,
        "prevSize": 28
      },
      "setIdx": 2,
      "setId": 3,
      "iconIdx": 1
    },
    {
      "icon": {
        "paths": [
          "M402.286 717.714v137.143c0 12.571-10.286 22.857-22.857 22.857h-137.143c-12.571 0-22.857-10.286-22.857-22.857v-137.143c0-12.571 10.286-22.857 22.857-22.857h137.143c12.571 0 22.857 10.286 22.857 22.857zM582.857 374.857c0 108.571-73.714 150.286-128 180.571-33.714 19.429-54.857 58.857-54.857 75.429v0c0 12.571-9.714 27.429-22.857 27.429h-137.143c-12.571 0-20.571-19.429-20.571-32v-25.714c0-69.143 68.571-128.571 118.857-151.429 44-20 62.286-38.857 62.286-75.429 0-32-41.714-60.571-88-60.571-25.714 0-49.143 8-61.714 16.571-13.714 9.714-27.429 23.429-61.143 65.714-4.571 5.714-11.429 9.143-17.714 9.143-5.143 0-9.714-1.714-14.286-4.571l-93.714-71.429c-9.714-7.429-12-20-5.714-30.286 61.714-102.286 148.571-152 265.143-152 122.286 0 259.429 97.714 259.429 228.571z"
        ],
        "width": 634.88,
        "attrs": [],
        "isMulticolor": false,
        "isMulticolor2": false,
        "tags": [
          "question"
        ],
        "defaultCode": 61736,
        "grid": 14
      },
      "attrs": [],
      "properties": {
        "name": "question",
        "id": 2,
        "order": 30,
        "prevSize": 28
      },
      "setIdx": 2,
      "setId": 3,
      "iconIdx": 2
    },
    {
      "icon": {
        "paths": [
          "M804.571 420.571v109.714c0 30.286-24.571 54.857-54.857 54.857h-694.857c-30.286 0-54.857-24.571-54.857-54.857v-109.714c0-30.286 24.571-54.857 54.857-54.857h694.857c30.286 0 54.857 24.571 54.857 54.857z"
        ],
        "width": 804.5714285714286,
        "attrs": [],
        "isMulticolor": false,
        "isMulticolor2": false,
        "tags": [
          "minus"
        ],
        "defaultCode": 61544,
        "grid": 14
      },
      "attrs": [],
      "properties": {
        "name": "minus",
        "id": 3,
        "order": 22,
        "prevSize": 28
      },
      "setIdx": 2,
      "setId": 3,
      "iconIdx": 3
    },
    {
      "icon": {
        "paths": [
          "M741.714 755.429c0 14.286-5.714 28.571-16 38.857l-77.714 77.714c-10.286 10.286-24.571 16-38.857 16s-28.571-5.714-38.857-16l-168-168-168 168c-10.286 10.286-24.571 16-38.857 16s-28.571-5.714-38.857-16l-77.714-77.714c-10.286-10.286-16-24.571-16-38.857s5.714-28.571 16-38.857l168-168-168-168c-10.286-10.286-16-24.571-16-38.857s5.714-28.571 16-38.857l77.714-77.714c10.286-10.286 24.571-16 38.857-16s28.571 5.714 38.857 16l168 168 168-168c10.286-10.286 24.571-16 38.857-16s28.571 5.714 38.857 16l77.714 77.714c10.286 10.286 16 24.571 16 38.857s-5.714 28.571-16 38.857l-168 168 168 168c10.286 10.286 16 24.571 16 38.857z"
        ],
        "width": 804.5714285714286,
        "attrs": [],
        "isMulticolor": false,
        "isMulticolor2": false,
        "tags": [
          "close",
          "remove",
          "times"
        ],
        "defaultCode": 61453,
        "grid": 14
      },
      "attrs": [],
      "properties": {
        "name": "close, remove, times",
        "id": 17,
        "order": 19,
        "prevSize": 28
      },
      "setIdx": 2,
      "setId": 3,
      "iconIdx": 17
    },
    {
      "icon": {
        "paths": [
          "M804.571 566.857v274.286c0 20-16.571 36.571-36.571 36.571h-219.429v-219.429h-146.286v219.429h-219.429c-20 0-36.571-16.571-36.571-36.571v-274.286c0-1.143 0.571-2.286 0.571-3.429l328.571-270.857 328.571 270.857c0.571 1.143 0.571 2.286 0.571 3.429zM932 527.429l-35.429 42.286c-2.857 3.429-7.429 5.714-12 6.286h-1.714c-4.571 0-8.571-1.143-12-4l-395.429-329.714-395.429 329.714c-4 2.857-8.571 4.571-13.714 4-4.571-0.571-9.143-2.857-12-6.286l-35.429-42.286c-6.286-7.429-5.143-19.429 2.286-25.714l410.857-342.286c24-20 62.857-20 86.857 0l139.429 116.571v-111.429c0-10.286 8-18.286 18.286-18.286h109.714c10.286 0 18.286 8 18.286 18.286v233.143l125.143 104c7.429 6.286 8.571 18.286 2.286 25.714z"
        ],
        "width": 950.8571428571428,
        "attrs": [],
        "isMulticolor": false,
        "isMulticolor2": false,
        "tags": [
          "home"
        ],
        "defaultCode": 61461,
        "grid": 14
      },
      "attrs": [],
      "properties": {
        "name": "home",
        "id": 24,
        "order": 9,
        "prevSize": 28
      },
      "setIdx": 2,
      "setId": 3,
      "iconIdx": 24
    },
    {
      "icon": {
        "paths": [
          "M925.143 80.571c14.286-14.286 25.714-9.143 25.714 10.857v841.143c0 20-11.429 25.143-25.714 10.857l-405.714-405.714c-3.429-3.429-5.714-6.857-7.429-10.857v405.714c0 20-11.429 25.143-25.714 10.857l-405.714-405.714c-14.286-14.286-14.286-37.143 0-51.429l405.714-405.714c14.286-14.286 25.714-9.143 25.714 10.857v405.714c1.714-4 4-7.429 7.429-10.857z"
        ],
        "width": 1017.1245714285715,
        "attrs": [],
        "isMulticolor": false,
        "isMulticolor2": false,
        "tags": [
          "backward"
        ],
        "defaultCode": 61514,
        "grid": 14
      },
      "attrs": [],
      "properties": {
        "name": "backward",
        "id": 74,
        "order": 28,
        "prevSize": 28
      },
      "setIdx": 2,
      "setId": 3,
      "iconIdx": 74
    },
    {
      "icon": {
        "paths": [
          "M790.857 529.714l-758.857 421.714c-17.714 9.714-32 1.143-32-18.857v-841.143c0-20 14.286-28.571 32-18.857l758.857 421.714c17.714 9.714 17.714 25.714 0 35.429z"
        ],
        "width": 808.5942857142857,
        "attrs": [],
        "isMulticolor": false,
        "isMulticolor2": false,
        "tags": [
          "play"
        ],
        "defaultCode": 61515,
        "grid": 14
      },
      "attrs": [],
      "properties": {
        "name": "play",
        "id": 75,
        "order": 24,
        "prevSize": 28
      },
      "setIdx": 2,
      "setId": 3,
      "iconIdx": 75
    },
    {
      "icon": {
        "paths": [
          "M669.143 172l-303.429 303.429 303.429 303.429c14.286 14.286 14.286 37.143 0 51.429l-94.857 94.857c-14.286 14.286-37.143 14.286-51.429 0l-424-424c-14.286-14.286-14.286-37.143 0-51.429l424-424c14.286-14.286 37.143-14.286 51.429 0l94.857 94.857c14.286 14.286 14.286 37.143 0 51.429z"
        ],
        "width": 768,
        "attrs": [],
        "isMulticolor": false,
        "isMulticolor2": false,
        "tags": [
          "chevron-left"
        ],
        "defaultCode": 61523,
        "grid": 14
      },
      "attrs": [],
      "properties": {
        "name": "chevron-left",
        "id": 82,
        "order": 16,
        "prevSize": 28
      },
      "setIdx": 2,
      "setId": 3,
      "iconIdx": 82
    },
    {
      "icon": {
        "paths": [
          "M632.571 501.143l-424 424c-14.286 14.286-37.143 14.286-51.429 0l-94.857-94.857c-14.286-14.286-14.286-37.143 0-51.429l303.429-303.429-303.429-303.429c-14.286-14.286-14.286-37.143 0-51.429l94.857-94.857c14.286-14.286 37.143-14.286 51.429 0l424 424c14.286 14.286 14.286 37.143 0 51.429z"
        ],
        "width": 694.8571428571428,
        "attrs": [],
        "isMulticolor": false,
        "isMulticolor2": false,
        "tags": [
          "chevron-right"
        ],